Sequence,hemo,sol,nf,Net_Charge,Avg_Hydrophobicity,Isoelectric_Point,Solubility_Rules_Failed,Synthesis_Rules_Failed
VAGKVAIRKDVPEISGG,0.0573223903775215,0.8634989261627197,0.1721623390913009,0.9998001984026114,1.4500000000000004,8.56064395904541,2,0
WKTMSPKIVLEDKQALF,0.093982420861721,0.7193196415901184,0.024920217692852,0.997962056685462,0.7400000000000002,8.497658348083494,1,1
WWCLECWCYIVKKKQNG,0.1222626119852066,0.9053837060928344,0.004086737986654,1.8623523191728029,0.6900000000000007,8.63426685333252,2,2
KKWPKYCFCLVIEVLGS,0.1178246736526489,0.8773329257965088,0.007819140329957,1.8999917546215825,3.68,8.8212251663208,4,2
PIGICVYPSRNFVPSKD,0.0814230144023895,0.8197752833366394,0.0985072329640388,0.95478569890394,1.4300000000000006,8.603128623962405,3,2
GHNPPQIKYLAFANHLY,0.0560524687170982,0.9238563179969788,0.0286512840539217,1.1932736146221716,2.46,8.512163734436037,2,1
